aarão,N004+Pr
aaron,N004+Pr
abacá,N001
ábaco,N001
abada,A101
abade,N208
abalo,N001
abano,N001
abate,N001
abati,N001
abbud,N306+Pr
abdus,N004+Pr
àbeça,ADV
abeta,N101
abete,N001
abeto,N001
abiel,N004+Pr
abita,N101
abner,N004+Pr
aboar,V013
aboio,N001
abono,N001
abrão,N004+Pr
abreu,N304+Pr
abril,N010
abrir,N004
abuso,N001
abuta,N101D029
acaçá,N001
acaju,N001
acapu,N001
acará,N001
acari,N001
ácaro,N001
acaso,ADV
acato,N001
acauã,N101
aceno,N001
aceso,A201
achar,N004
ácido,A201
acima,ADV
acolá,ADV
acuar,V005
açude,N001
adaga,N101
adail,N304+Pr
adair,N304+Pr
adams,N306+Pr
adega,N101
adelo,N001
adeus,N003D025
adiar,V005
adido,A201
admir,N004+Pr
adobe,N001
adolf,N004+Pr
aduar,V005
adubo,N001
adufa,N101
adufe,N001
advir,V085
aécio,N004+Pr
aéreo,A201
afago,N001
afear,V008
afeto,A201
afiar,V005
afilo,A201
afixo,A201
aflar,V005
afogo,N001
áfono,A201
afora,ADV
afoxé,N004
ágamo,A201
ágape,N101
ágata,N101
agave,N001
agnes,N106+Pr
agogô,N001
agora,ADV
ágora,N101
agrar,V005
aguaí,N104+Pr
aguar,V015
agude,N101
agudo,A201D081S53
águia,N301
aidar,N004+Pr
ainda,ADV
aipim,N008
airar,V005
aires,N306+Pr
ajeru,N001
ajuda,N101D086
ajuri,N001
alado,A201
alain,N004+Pr
álamo,N001
albor,N003
álbum,N008
alçar,V010
alceo,N004+Pr
alceu,N004+Pr
aldir,N306+Pr
aleia,A101
aléia,N101
alelo,N001
aleph,N004+Pr
alesi,N004+Pr
alexi,N004+Pr
alfar,V005
alfeu,N004+Pr
algoz,N003
algum,A233
aliar,V005
aliás,ADV
álibi,N001
alice,N104+Pr
alina,N104+Pr
aline,N104+Pr
allan,N004+Pr
allen,N004+Pr
almir,N004+Pr
alpes,N005+Pr
altar,N003
aluar,V005
alude,N001
aluir,V081
alume,N001
aluno,N201
álveo,N001
alves,N306+Pr
alvim,N004+Pr
alvin,N004+Pr
alvor,N003
amada,N104+Pr
amado,A201D081
âmago,N001
amaná,N101
amapá,N004+Pr
amaro,A201
amato,N306+Pr
âmbar,N003
ambos,A254
ambuá,N001
amear,V008
ameba,N101
ameia,N101
ameno,A201
amial,N007
amida,N101
amido,N001
amigo,A201D101S63A61
amina,N101
âmnio,N001
amojo,N001
amora,N101
amplo,A201S03
amuar,V005
anahí,N104+Pr
anais,N005
anajá,A301
ananá,N001
anani,N001
anato,N001
ancho,A201
andar,N003
andes,N005+Pr
andor,N003
andré,N001+Pr
anelo,N001
anete,N104+Pr
anexo,A201
angel,N004+Pr
anglo,A201
angra,N101
ânimo,N001
anion,N001
ânion,N001
anita,N104+Pr
anjos,N306+Pr
anodo,N001
ânodo,N001
anoso,A201D081
ânsia,N101
antão,ADV
antar,V005
antes,ADV
antro,N001
anuaí,N001
anual,A308
anuir,V081
anujá,N001
ânulo,A001
anuro,A201
anzol,N012
aonde,ADV
aorta,N101
apara,N101
aparo,N001
apear,V008
apego,N001
apelo,N001
apiaí,N104+Pr
ápice,N001
apito,N001D026
ápode,A301
ápodo,A201
apoio,N001
apojo,N001
apolo,N004+Pr
aptar,V005
apuar,V005
apupo,N001
apuro,N001
aquém,ADV
áqueo,A201
aqueu,A211
árabe,A301
araçá,A301
araci,N104+Pr
aracu,N001
aracy,N104+Pr
arado,A201
arame,N001
arara,N101D029
aratu,N001
arauá,N301
arcar,V011
arché,N104
arder,V006
ardil,N010
ardor,N003
árduo,A201
areal,A007
arear,V008
areia,A306
arena,N101
areta,N104+Pr
arete,N104+Pr
areto,N004+Pr
arfar,V005
argel,N104+Pr
argos,N006+Pr
argot,N004
ariar,V005
arias,N004+Pr
árico,A201
arida,N306+Pr
árido,A201
ariel,N004+Pr
áries,N306+Pr
arilo,N001
armar,V005
arnês,N016
arnon,N004+Pr
aroca,N306+Pr
aroma,N001
arpão,N002
arpar,V005
arqui,PFX
arras,N105
arroz,N003
artar,V005
artur,N004+Pr
aruba,N104+Pr
arxar,V005
asado,A201
asilo,N001
aspar,V005
assar,V005
assaz,ADV
assim,ADV
assis,N304+Pr
áster,N003
astro,N001D072
ataca,N101
atado,A201
atapu,N001
atear,V008
atéia,A101
atena,N104+Pr
ática,N104+Pr
ático,A201
atido,A201
átila,N004+Pr
átimo,N001
atino,N001
ativo,A201S03
atlas,N006+Pr
atoar,V013
átomo,N001
átono,A201
atrás,ADV
átrio,N001
atriz,N103
atrôo,N001
atroz,A303S30
atual,A308S02
atuar,V005
atuir,V081
atuma,A301
audaz,A303S30
áudio,A001
augar,V009
augir,V063
aunar,V005
aural,A308
áurea,N104+Pr
áureo,A201
autor,N218
avaré,N104+Pr
avaro,A201
aveia,N101
avelã,N101
avião,N002D006
aviar,V005
ávido,A201
ávila,N306+Pr
aviso,N001
avoar,V013
axial,A308
axila,N101
áxilo,A201
ayres,N306+Pr
azado,A201
azedo,A201D081
ázigo,A201
azoar,V013
babão,A220
babar,V005
babau,N001
babel,N111
bacia,N101
bacio,N001
bacon,N004
baeta,N301
bafar,V005
bafio,N001
bagar,V009
bagdá,N104+Pr
bagre,N001D026
bahia,N104+Pr
baião,N002
baiar,V005
baila,N101
baile,A001D026A01
baita,A301
baixo,A201D081S03
bajar,V005
baker,N304+Pr
balão,N002D006
balar,N004
balda,A101
balde,N101
balir,N003
bally,N304+Pr
balsa,N101
bambo,A201
bambu,N001D001
banal,A308S02
banca,N101
banco,N001D037
banda,N101D029A01
bando,N001
bangu,N104+Pr
banha,N101
banho,N001
banir,V007
banja,N101
banjo,N001
banto,A201
banzé,N001
banzo,A201
baque,N001
barão,N002
barba,N101D127A14
barca,N101D111A15
barco,N001D037
bardo,N201
bário,N201
baron,N304+Pr
barra,N101
barro,N001
barth,N304+Pr
basal,A308
basco,A201
basto,A201
batch,N004
batel,N011
bater,V006
batom,N008
bauer,N304+Pr
bauru,N001
bayer,N104+Pr
bazar,N003
beata,N101D029
beato,A201D081S03
beber,V006
bedel,N011
beiça,N101
beiço,A001D102A69
beijo,N001D082A29
beiju,N001
beira,N101
belas,N105
belém,N008
belga,A301
belgo,N201
belho,N001
bembé,N001
bemol,A313
bengo,N001
benin,N104+Pr
bento,A201
beque,N001
berço,N001
berna,N104+Pr
berne,A301
berra,N101
berro,N001
berta,N104+Pr
berto,N004+Pr
besta,A301A72
betão,N002
betar,V005
betim,N104+Pr
bicar,V011
bicha,N101D029
bicho,N001D026A58
biela,N101
bifar,V005
biguá,N001
bijuí,N101
bilac,N304+Pr
bilha,N101
bilro,N001
bimba,A101
binar,V005
binet,N304+Pr
binga,N101
bingo,N001
bioco,N001
bioma,N001
biota,N101
birra,N101
birro,N001
bisão,N002
bisar,V005
bisca,A101
bispo,N001
bizet,N304+Pr
blasé,A001
blefe,N001
blitz,N103
bloch,N304+Pr
bloco,N001D075
blues,N004
blusa,N101D029A01
boate,N101
boato,N001
bobar,V005
boçal,A308
bocal,N007
boçar,V010
bocar,V011
bocel,N011A03
bocha,N001
bócio,N001
bodar,V005
bodum,N008
bofar,V005
boião,A002
boiar,V018
boina,N101
bojar,V005
bojuí,N101
bolar,A303
bolbo,N001
boldo,N001
bolha,A301
bolir,V007
bolor,N003
bolsa,N101D029
bolso,N001D026A01
bomba,N101D029
bombo,N001
bonde,N001D026
bônus,N006
bórax,N022
borba,N304+Pr
borco,N001
borda,N101
bordô,A306
bordo,N001
boris,N004+Pr
borja,N306+Pr
borla,N101
borne,N001
borra,N101
bosch,N304+Pr
bosco,N004+Pr
bóson,N001
bossa,N101
bossi,N306+Pr
bosta,N301
botão,N002
botar,V005
botim,N008
bouba,N101
boyle,N306+Pr
brabo,A201
braça,N101
braço,N001
brado,N001
braga,N306+Pr
bragg,N306+Pr
brait,N306+Pr
brant,N304+Pr
brasa,N101
bravo,A201
brear,V008
breca,N101
brega,N101
brejo,N001D026A01
breno,N004+Pr
brent,N304+Pr
breve,A301S03
brevê,N001
breve,N301
briga,N101D036
brisa,N101
brita,N101
brito,N306+Pr
broca,N101
broma,A301
bromo,N001
broto,N001D026
brown,N304+Pr
broxa,A301
bruma,N101
bruna,N104+Pr
bruno,N004+Pr
bruto,A201S03
bruxo,N201D081
bryan,N306+Pr
bubão,N002
bucal,A308
bucha,N101D029
bucho,N001
bueno,N304+Pr
bufão,N220
bufar,V005
bufir,V007
bugio,A201
bugre,A301D081
bujão,N002
bular,V005
bulbo,N001
bulha,N101
bulir,V071
bumba,N004
bumbo,N001
bunda,A301
buquê,N001
burca,N101
burgo,N001
buril,N010
burke,N304+Pr
burla,N101
burro,A201A27
burtt,N304+Pr
busca,N101
busto,N001
butiá,N001
butua,N101
buxal,N007
búzio,N001
byron,N304+Pr
cabal,A308
cabaz,N003
caber,V052
cabra,N301D029
cabul,N007
cação,N002
caçar,V010
cacau,N001
cachê,N001
cacho,N001D026
cácia,N104+Pr
cacto,N001
cadmo,N004+Pr
caeté,A301
cafre,N301
cafua,N101
cafuz,A303
cagão,A220
cagar,V009
caiar,V005
caído,A201D112
cairo,N001
caixa,N301D030A01
calão,N002
calar,V005
calça,N101D042A01
calço,N001
calda,A101
caldo,A001D026
calha,N101
calmo,A201D081S03
calor,N003D003
calpe,N104+Pr
calvo,A201
camar,V005
cambo,A201
campa,N101
campo,N001D026
camus,N304+Pr
canaã,N104+Pr
canal,A007
cancã,N001
cande,A001
cândi,A101
canga,N101
canha,A101
canil,N010
canja,A101
canoa,N101
cânon,N003
cantã,N101
canto,N001D026
canzá,N001
capão,A002
capar,V005
capaz,A303S30
capim,N307
cápua,N104+Pr
caput,N004
capuz,N003
caqui,A001
cáqui,N001
carão,N002
carda,N101
carga,N101
cargo,N001
cárie,N101
caril,N010
carla,N104+Pr
carlo,N004+Pr
carmo,N304+Pr
carnê,N001
carne,N301
caroá,N001
carpa,N101
carpo,N001
carré,N001
carro,N001D026A01
carta,N101D029
casal,N007D077
casar,V005
casca,N101D097A31
casco,N001D037
casio,N304+Pr
caspa,N101
cassa,A101
casto,A201
catar,N003
catch,N004
catre,N001
cauby,N004+Pr
cauda,N101
cauim,N008
caule,N001
causa,N101
causo,N001
cauto,A201
cavar,V005
cávea,N101
cavum,N004
ceará,N004+Pr
ceasa,N004+Pr
ceder,V006
cedro,N001D026A01
cegar,V028
ceifa,N101
celga,N101
celha,N101
célia,N104+Pr
célio,N004+Pr
celso,N004+Pr
celta,A301
cenho,N001
censo,N001
cento,DET06+Num
cerar,V005
cerca,N101
cerce,ADV
cerco,N001
cerda,N101
ceres,N106+Pr
cério,N001
cerne,N001
cerol,N012
cerro,N001
certo,A201D081S03
cerva,N101
cervo,N001
césar,N004+Pr
césio,N001
cesta,N301D030
cesto,N001D026A01
cetim,N008
cetra,N101
cetro,N001
cevar,V005
cezar,N004+Pr
chaga,N101
chalé,N001D009
chama,N101
chapa,N301
chape,N001
chara,N101
chato,A201D081S03
chauí,N304+Pr
chave,N101D029
cheda,N101
chefe,N201D081A27
chega,N304
cheio,A201
chiar,V005
chibo,N201
chico,N004+Pr
chile,N004+Pr
china,A101D029
chita,N101
choça,N101
choco,A201
chong,N306+Pr
chopa,N101
chope,N001
choro,N001D026
chuço,N001
chulé,N001
chulo,A201
chupa,A301
chute,N001A01
chuva,N101D029A27
ciano,A201
cibar,V005
cicio,N001
ciclo,N001
cidra,N101
cifar,V005
cifra,N101
cilha,N101
cílio,N001
cimba,N101
cinco,DET06+Num
cinta,N101
cinto,N001D026
cinza,A306
cioba,N101D029
cioso,A201D081
circe,N104+Pr
circo,N001D037
círio,N001
cirro,N001
cisão,N102
cisar,V005
cisco,N001
cisma,N101
cisne,N001D001
cisto,N001
citar,V005
citro,N001
ciúme,N001
cível,A308
civil,A310
clair,N304+Pr
clara,N101
clark,N304+Pr
claro,A201S03
clava,N101
clave,N101
clero,N001
clima,N001
cline,N001
clipe,N001
clivo,N001
clone,N001
cloro,N001
close,N001
clown,N001
clube,N001D026
coado,A201
coala,N001
coari,N304+Pr
coatá,A301
coaxo,N001
cobra,N101D029A01
cobre,N001
cobro,N001
cocar,N003
coçar,V010
cocar,V011
cocha,N101
coche,N001
cocho,N001
côdea,N101
códon,N001
coeso,A201
coevo,A201
cofre,N001D026
cohen,N306+Pr
coice,N001
coifa,N101
coisa,N101D029
coita,N101
coito,N001
colar,N003
colmo,N001
colón,N001
cólon,N001
colpo,N001
comer,V006
comes,N005
comum,A307S32
conde,N208
conga,N101
congo,A201
conta,N101D029
conto,N001D001
copal,A308
copar,V005
cópia,N101
copio,N001
copta,A301
coque,N001
coral,A007
corão,N025
corar,V005
corço,N201
corda,A101D029
corja,N101
cormo,N001
corno,A201
coroa,N301D092
corpo,N001D121A48
corra,N101
corré,N101
corso,A201
corta,N101
corte,N301
corvo,N001
coser,V006
cosme,N304+Pr
cosmo,N001
costa,N101D029
cotar,V005
cotio,A201
coudé,A104
coura,N101
couro,N001D026
cousa,N101
couto,N306+Pr
couve,N101
covil,N010
coxão,N002
coxia,N101
coxim,N008
cozer,V006
crase,N101
crato,N004+Pr
crauá,N001
cravo,N001D026
crawl,N001
craxi,N306+Pr
credo,N001
creme,N001
crepe,N001
creta,N104+Pr
criar,V005
crime,N001
crina,N101
crise,A101
crivo,N001
croce,N306+Pr
cromo,N001
crowe,N306+Pr
cruel,A309S45
crume,N001
cruor,N003
crupe,N001
cubar,V005
cucar,V011
cueba,A301
cueca,N101
cuíca,N101
cuité,N101
culpa,N101
culto,A201S03
cumbe,N104+Pr
cunha,N101
cunho,N001
cupão,N002
cupim,N008
cupom,N008
curar,V005
curau,N001
curdo,A201
cúria,N101
curie,N306+Pr
curió,N001
cúrio,N004
curro,N001
curso,N001D026
curto,A201D081S03
curva,N101D029
curvo,A201
cuspe,N001
custa,N101
custo,N001
cutia,N101
cútis,N106
cuzco,N304+Pr
cyber,N001
dação,N102
dacar,N104+Pr
dacha,N101
daime,N001
daisy,N104+Pr
dakar,N304+Pr
dália,N101
dalmo,N004+Pr
dalva,N104+Pr
danar,V005
dança,N101
dante,N004+Pr
danti,N306+Pr
daqui,PREPXADV
darci,N104+Pr
darcy,N304+Pr
dardo,N001
dario,N004+Pr
darío,N004+Pr
dário,N004+Pr
datar,V005
david,N004+Pr
davis,N004+Pr
debar,V005
débil,A311
debug,N001
debye,N001
décio,N004+Pr
décor,N004
dedal,N007
deise,N104+Pr
deixa,N101
delfo,A004
delft,N306+Pr
delir,V065
delta,N001
demão,N101
dendê,N001
dener,N004+Pr
dengo,N001
denis,N004+Pr
denso,A201
dente,N001D026A01
denys,N004+Pr
depor,V101
deque,N001
derby,N004
derma,N001
derme,N101
desde,PREP
desse,PREPXDET02+Dem
deste,PREPXDET02+Dem
deter,V034
dever,N003
devir,V085
diabo,N201D122
díade,N101
diana,N104+Pr
dicar,V011
dicaz,A303S30
didot,N304+Pr
diego,N004+Pr
dieta,N101D029
dietl,N306+Pr
digno,A201S03
dilma,N104+Pr
dimas,N004+Pr
dinar,N003
dinda,N101D029
dinho,N004+Pr
dinis,N304+Pr
diniz,N304+Pr
diodo,N001
díodo,N001
diogo,N004+Pr
dione,N104+Pr
dique,N001
dirac,N304+Pr
dirce,N104+Pr
disco,N001D037
disso,PREPXPRO+Dem
disto,PREPXPRO+Dem
ditar,V005
dizer,N003
dobar,V005
dobra,N101A01
dobre,A301
dobro,N001
doçar,V010
dócil,A301S71
dodói,A301
dogma,N001
doido,A201D081A60
dólar,N003
dólmã,N001
domar,V005
donde,CONJ
dopar,V005
doria,N306+Pr
dório,A201
dorna,N101
dorso,N001
dosar,V005
dotal,A308
dotar,V005
douro,N001
douto,A201
draga,N101
drama,N001A04
dreno,N001
droga,N101
dromo,PFX
drope,N001
drupa,N101
drusa,A101
dúbio,A201
dublê,N301
ducal,A308
ducha,N101
ducto,N001
duelo,N001
dueto,N001
dulce,N104+Pr
dunga,N001D035
dupla,N101D029
duplo,A201
duque,N204
duran,N306+Pr
durão,N220
durar,V005
durst,N306+Pr
dutra,N304+Pr
dúzia,N101
dylan,N304+Pr
ébano,N001
ebert,N004+Pr
ébola,N004+Pr
ebola,N104+Pr
ébrio,A201
ecoar,V013
écran,N004
éculo,N001
eddie,N004+Pr
edéia,N104+Pr
edema,N001
edgar,N004+Pr
édipo,N004+Pr
edith,N104+Pr
edito,N001
édito,N001
edson,N004+Pr
édson,N004+Pr
edule,A301
edusp,N104+Pr
egeia,A101
égide,N101
egito,N004+Pr
eguar,V012
eivar,V005
eixar,V005
élate,N001
elcio,N004+Pr
élcio,N004+Pr
elder,N004+Pr
élder,N004+Pr
eléia,N104+Pr
elepê,N001
elias,N006+Pr
eliot,N304+Pr
elisa,N104+Pr
elite,N101
eliza,N104+Pr
ellen,N104+Pr
eller,N304+Pr
ellis,N104+Pr
élson,N004+Pr
eluir,V081
elvis,N004+Pr
embiú,N001
emiko,N004+Pr
emile,N104+Pr
émile,N304+Pr
emily,N004+Pr
empar,V005
êmulo,A201
endez,N003
enéas,N006+Pr
enfim,ADV
engar,V009
enjôo,N001
enojo,N001
então,ADV
entre,PREP
ênula,N101
envio,N001
eólio,A201
épico,A201
época,N101
epóxi,N004
épura,N101
érbio,N001
ereto,A201
érica,N104+Pr
erich,N004+Pr
érico,N004+Pr
érika,N104+Pr
ermar,V005
errar,V005
erval,N007
ervar,V005
escoa,N101
escol,N012
esgar,N003
esmar,V005
espia,N301
esqui,N001
estar,V004
éster,N003
ester,N104+Pr
estio,N001
estol,N012
estro,N001
etano,N001
etapa,N101
eteno,N001
ética,A301
ético,A201
etilo,N001
étimo,N001
etino,N001
etnia,N101
evair,N004+Pr
evans,N306+Pr
evita,N104+Pr
évora,N306+Pr
exame,N001
exato,A201
excel,N004+Pr
exina,N101
êxito,N001
êxodo,N001
expor,V101
extar,V005
extra,A301
fábia,N104+Pr
fabio,N004+Pr
fábio,N004+Pr
facha,A101
facho,A001
fácil,A311S64
fadar,V005
faial,N007
faiar,V005
faina,N101
faixa,N301
falar,N004
falaz,A303S30
falca,N101
falda,N101
falho,A201
falir,V007
falso,A201
falto,A201
fanal,N007
fanar,V005
fanho,A201
fanny,N104+Pr
faoro,N306+Pr
faraó,N001
farar,V005
farda,N101
fardo,N001
farol,N012D104
farpa,N101D029
farra,N101
farsa,N101
farta,N101
farto,A201
fasto,A201
fatal,A308
fatia,N101D002A21
fator,N003
fátuo,A201
fauce,N101
fauna,N101
fauno,N001
faval,N007
favar,V005
favor,N003D003
fazer,V041
febra,N101
febre,N101D002A01
fecal,A308
fecha,N004
fecho,N001
feder,V006
fedor,N003
fedra,N104+Pr
feijó,N004+Pr
feira,N101D029A01
feito,A201D081
feixe,N001
félix,N004+Pr
felix,N306+Pr
feliz,A303S30A02
felpa,N101
fêmea,A101
fêmeo,A201
fêmur,N003
fenar,V005
fenda,N101
fênix,N104
fenol,N012
feral,A308
feraz,A303S30
féria,N101
ferir,V065
fermi,N004+Pr
feroz,A303S30
ferra,N101
ferri,N306+Pr
ferro,N001D026
festa,N101D029
fetal,A308
feudo,N001
fezes,N105
fiado,A201
fibra,N101
ficar,V011
ficha,N101D029
ficto,A201
fícus,N006
fidel,N004+Pr
filão,N002
filar,V005
filho,A201D081
filhó,N301
filme,N001D070
final,A308
finar,V005
finca,N101
finês,A003
finta,A101
fiori,N304+Pr
firma,N101
firme,A301S03
fisco,N001
fitar,V005
fiúza,N306+Pr
fixar,V027
flama,N101
flash,N003
flato,N001
flavo,A201
floco,N001
flora,N101D029
fluir,V081
flúor,N004
flush,N004
fluxo,A201
fobar,V005
fobia,N101
focal,A308
foçar,V010
focar,V011
foder,V006
fofão,A002
fofar,V005
fogão,N002
foice,N101D081
folga,N101D036
folha,N101D029
folho,N001
folia,N101
fólio,N001
fonda,N304+Pr
fonia,N101
fônon,N001
fonte,N101D048
foral,A007
forca,N101
força,N101D042
forja,N101
fôrma,N101
forma,N101D029
forno,N001A06
forro,A201
forró,N001
forro,N201
forte,A301S03
fórum,N008
fosco,A201
fossa,N101
fosso,N001
fóton,N001
fóvea,N101
foyer,N004
fraco,A201D096S36A41
frade,A001D026
fraga,N101
frame,N001
frank,N004+Pr
franz,N004+Pr
frase,N101
frear,V008
freio,N001
frese,A306
frete,N001
freud,N004+Pr
frevo,N001D026
frisa,N101
friso,N001
frito,A201
fromm,N306+Pr
front,N004
frota,N101
fruir,V081
fruta,N101D029
fruto,N001
fuçar,V010
fugar,V009
fugaz,A303S30
fugir,V072
fujão,A220
fulvo,A201
fumal,N007
fumar,V005
fundo,A201
funga,N101
fungo,N001
funil,N010
furão,A002
furar,V005
fúria,N101
furna,N101D029
furor,N003
furto,N001
fusão,N102
fusca,N001D038
fusco,A201
fusta,N101
fuste,N001
fútil,A311
fuzil,N010
fuzuê,N004
gabão,N220
gabar,V005
gafar,V005
gague,N101
gaiar,V005
gaita,N101D029
gajar,V005
galão,N002
galar,V005
gálea,N101
galês,A228
gales,N305+Pr
galgo,A201
galha,N101
galho,N001D026
gália,N104+Pr
gálio,N001
gamão,N002
gamar,V005
gambá,N001D008
ganês,A228
ganga,N101
ganho,A201
ganir,V007
ganja,A301
ganso,N201A01
ganzá,N001
garbo,N001
garça,A101
garfo,N001
garic,N306+Pr
garoa,N101D002
garra,A101
garro,A001
gasto,A201
gatar,V005
gates,N306+Pr
gaula,N004+Pr
gauro,N001
gauss,N004+Pr
gavar,V005
gávea,N101
gazua,N101
gebar,V005
gelar,V005
gelha,N101
gemar,V005
gêmeo,A201
gemer,V006
genal,A308
gênio,N001
genro,N001
gente,N101D029
geral,A308S39
gerar,V005
gerir,V065
germe,N001
gesso,N001
gessy,N306+Pr
gesta,N101
gesto,N001
gibão,N002
giclê,N001
gilda,N104+Pr
ginga,N101
gingo,N001
ginja,N301D029
girar,V005
gíria,A301
gizar,V005
glacê,A301
gleba,N101
glenn,N004+Pr
glide,N001
globo,N001D085
glosa,N101
glote,N101
gluma,N101
glute,N001
gnomo,N201
gnose,N101
goano,A201
godoy,N304+Pr
goela,N301
goete,N001
gofar,V005
gogol,N004+Pr
goiás,N004+Pr
goiti,N001
goiva,N101
goivo,N001
golfe,N001D026
golfo,N001D026
golpe,N001D070
gomar,V005
gombô,N001
gomes,N306+Pr
gómez,N304+Pr
gongo,N001
gônio,N001
gonzo,N001
gorar,V005
gordo,A201D081A27
gorki,N004+Pr
gorro,N201
gosma,N101
gosto,N001D026
gozar,V005
graça,N101
grace,N104+Pr
graco,N004+Pr
grada,A101
grade,N101
grado,A201
grafo,N001
grama,N301D029
grana,N101
grant,N304+Pr
grato,A201
grave,A301S03
graxo,A201
grego,A201D101
grela,N101
grelo,N001
grená,A301
greta,N101
greve,N101D029
grifo,A201
grilo,N001
grimm,N304+Pr
gripe,N101
grise,N001
grisu,N001
grito,N001D026
groom,N001
grosa,N101D029
gross,N306+Pr
grota,N101
grude,N001
gruir,V081
grumo,N001
grupo,N001D026
gruta,N101
guaiú,N001
guano,N001
guapo,A201
guará,N001
guaxe,N001
guaxo,A201
gueta,N101
guete,N001
gueto,N001
guiar,V005
guido,N004+Pr
guina,N101
guiné,N101
guita,N301
guizo,N001
gulag,N004
gurde,N101
gurpa,N306+Pr
haber,N306+Pr
hábil,A311S05
haiti,N004+Pr
hamas,N004+Pr
hanns,N004+Pr
hanói,N304+Pr
haras,N006
harém,N008
harpa,N101
hasta,N101
haste,N101
havaí,N004+Pr
haver,N003
havre,N004+Pr
haydn,N004+Pr
hegel,N304+Pr
heine,N306+Pr
helen,N104+Pr
helio,N004+Pr
hélio,N004+Pr
henri,N004+Pr
henry,N004+Pr
herma,N101
herói,N001
hertz,N006
hesse,N304+Pr
hiato,N001
hicso,A201
hidra,N101
hiena,N101
hífen,N001
hilda,N104+Pr
hilma,N104+Pr
hímen,N001
híndi,N001
hindu,A301
hinir,V007
hiper,PFX
hirto,A201
hobby,N004
holle,N306+Pr
homem,N008D134A25
honda,N304+Pr
honra,N101
horda,N101
horta,N101
horto,N001
hoste,N301
hotel,N011D005
hulha,N101
humor,N003
húmus,N006
hurra,INTERJ
iansã,N104+Pr
iaque,N001
ibero,A201
ibope,N001
ibsen,N004+Pr
ícone,N001
idade,N101
ideal,A308
idear,V008
idéia,N101
ídolo,N001
idoso,A201D081
iêmen,N004+Pr
igapó,N001
igara,N101
ígneo,A201
ignez,N104+Pr
igual,A308
ikeda,N306+Pr
ileso,A201
ilhal,N007
ilhar,V005
ilhoa,N101
ilson,N004+Pr
ilton,N004+Pr
iluso,A201
imago,N101
imida,N101
imina,N101
ímola,N104+Pr
ímpar,A303
impar,V005
ímpio,A201
impor,V101
imune,A301
inajá,N301
inajé,N001
inane,A301
inato,A201
inçar,V010
incõe,A301
indez,A303
índia,N104+Pr
índio,A201
infra,PFX
íngua,N101
input,N001
intel,N104+Pr
inter,PFX
intra,PFX
invés,N004
ínvio,A201
iodar,V005
iogue,A301
iônio,N001
ionte,N001
ipeca,N101
irado,A201
irany,N104+Pr
irene,N104+Pr
irerê,N001
iriar,V005
irite,N101
irmão,A203D071
iroso,A201D081
isaac,N004+Pr
isael,N004+Pr
iscar,V011
istmo,N001
istoé,N104+Pr
itaim,N004+Pr
ítalo,A201
itapu,N001
ítrio,N004
ivald,N004+Pr
ivana,N104+Pr
ivani,N104+Pr
ivany,N104+Pr
ivens,N004+Pr
ivete,N104+Pr
ivone,N104+Pr
jacob,N004+Pr
jacto,N001
jader,N004+Pr
jaime,N004+Pr
jairo,N004+Pr
jakob,N004+Pr
jalão,N002
jalde,A301
jales,N104+Pr
jalne,A301
jamba,N101
jambo,N001
james,N006+Pr
jamil,N004+Pr
jango,N004+Pr
jânio,N004+Pr
janis,N104+Pr
janta,N101
japão,N004+Pr
japim,N008
jarda,N101
jarra,N101D029A01
jarro,N001
jasão,N004+Pr
jaspe,N001
jataí,N301
jatar,V005
jaula,N101
jayme,N004+Pr
jazer,V048
jeans,A306
jegue,N001
jeito,N001D026
jejum,N008
jeová,N004+Pr
jequi,A301
jessé,N004+Pr
jesus,N004+Pr
jésus,N006+Pr
jimbo,N001
jimmy,N004+Pr
jinga,A301
jirau,N001
joana,N104+Pr
jobim,N004+Pr
jofre,N004+Pr
jogar,V009
johan,N304+Pr
jonas,N006+Pr
jones,N006+Pr
jongo,N001
jônio,A201
jorge,N004+Pr
jorra,N101
jorro,N001
josef,N004+Pr
josué,N004+Pr
joule,N001
jovem,A307D098S35
joyce,N104+Pr
juana,N104+Pr
judas,N006+Pr
judeu,A212
jugar,V009
juízo,N201
julho,N001
julia,N104+Pr
júlia,N104+Pr
julio,N004+Pr
júlio,N004+Pr
jumbo,N001
junco,N001
junho,N001
junta,N101
junto,A201D081
jurar,V005
juruá,N004+Pr
justo,A201D081S03
kadet,N004+Pr
kafka,N004+Pr
karen,N104+Pr
kátia,N104+Pr
kbyte,N001
kedma,N104+Pr
keith,N104+Pr
kelly,N104+Pr
kevin,N004+Pr
kibon,N306+Pr
kirsh,N004
klaus,N006+Pr
klein,N306+Pr
klink,N304+Pr
klotz,N306+Pr
kombi,N104+Pr
krach,N004
kraft,N306+Pr
kuait,N004+Pr
kyrie,N006
labéu,N001
lábia,N101
lábio,N001
labor,N003
lacan,N304+Pr
laçar,V010
lacar,V011
lacre,N001
ladro,A201
lagar,N003
lages,N004+Pr
lagoa,N101D029A01
lahey,N104+Pr
laico,A201
laivo,N001
lajão,N002
lájea,N101
lajem,N108
lalar,V005
lalau,N001
lâmia,N101
lampo,A201
lança,N101
lance,N001
lanço,N001
lange,N304+Pr
lanho,N001
lanka,N004+Pr
lanza,N306+Pr
lapão,A220
lápis,N006
lapso,A201
laquê,N001
lardo,A001
largo,A201
laroz,N003
larva,N101
lasca,N101D039
laser,N004
lasso,A201
latão,N002
láteo,A201
later,V006
látex,N006
latim,N008
latir,V007
lauda,N101
laudo,N001
laura,N104+Pr
lauro,N004+Pr
lauto,A201
lavar,V005
lavor,N003
lavra,N101
laxar,V005
lazão,A224
lazer,N003
lazio,N004+Pr
lazzo,N004
lebre,N101A01
ledor,A218
legal,A308
legar,V009
legra,N101
légua,N101
leigo,A201
leila,N104+Pr
leira,N101
leite,N001D026
leito,N001
leiva,N101D029
lélio,N004+Pr
lemna,N101
lenço,N001D041A12
lenda,N101
lenha,N101
lenho,N001
lênin,N304+Pr
lenir,V065
lente,N101
lento,A201S03
lepra,N101
leque,N001D026
lerdo,A201S03
léria,N301
leroy,N304+Pr
lesão,N102
lesar,V005
lesma,N101
lessa,N306+Pr
leste,A301
lesto,A201
letal,A308
letão,A224
letra,N101D029
leung,N306+Pr
levar,V005
levis,N306+Pr
lewis,N004+Pr
lexia,N101
lexis,N106
leyla,N104+Pr
lhama,N301
lhano,A201
liame,N001
liana,N101
libar,V005
líber,N003
líbia,N104+Pr
líbio,A201
libra,N101
lição,N102
liceu,N001
licor,N003
lidar,V005
líder,A003
lídia,N104+Pr
lídio,A201
ligar,V009
ligia,N104+Pr
lígia,N104+Pr
lilás,A318
lilia,N104+Pr
lília,N104+Pr
limão,A306
limar,V005
limbo,N001
limpo,A001D081
lince,N001
linde,N001
lindo,A201D081S03
líneo,A201
lineu,N004+Pr
linfa,N101
linha,N101D002
linho,N001
lírio,N001
lísia,N104+Pr
lisol,N012
lista,N101D029
liszt,N004+Pr
litar,V005
lítio,N001
litro,N001
lívia,N104+Pr
livre,A301S57
livro,N001D137A32
lixar,V005
lizar,V005
llosa,N304+Pr
lobão,N221
lobby,N004
local,A308
loção,N302
locar,V011
locke,N304+Pr
lócus,N004
lódão,N001
logos,N004
logro,N001
logus,N304+Pr
loiro,A201D081S03
lomba,N101
lombo,N001D026
longe,A301S03
longo,A201D101S29
lopes,N306+Pr
lopez,N304+Pr
lópez,N304+Pr
loque,N001
lorca,N306+Pr
lorde,A301
loren,N304+Pr
lorpa,A301
losna,N101
lotar,V005
lótus,N006
louça,N101
louco,A201D096S36
louis,N004+Pr
louro,A201D081
lousa,N101
luana,N104+Pr
lucas,N006+Pr
lucia,N104+Pr
lúcia,N104+Pr
lucio,N004+Pr
lúcio,N004+Pr
lucro,N001D026
lufar,V005
lugar,N003
luigi,N004+Pr
luisa,N104+Pr
luísa,N104+Pr
luiza,N104+Pr
luíza,N104+Pr
lúmen,N037
lunar,A303
lundu,N001
lúpus,N004
lurar,V005
lusco,A201
lutar,V005
lúteo,A201
luxar,V005
luzia,N104+Pr
luzir,V076
lycra,N101
lygia,N104+Pr
macaé,N104+Pr
maçal,N007
mação,N102
maçar,V010
macau,N004+Pr
macho,A001D026A53
macio,A201
maçom,N008
macro,N001
madre,N101
madri,N104+Pr
máfia,N101
mafra,N306+Pr
magda,N104+Pr
magia,N101
magma,N001
magno,A201
mágno,N304+Pr
mágoa,N101
magri,N306+Pr
magro,A201D081S77
mahal,N004+Pr
maier,N306+Pr
maior,A303
maira,N104+Pr
maíra,N104+Pr
maire,N104+Pr
major,A003
makro,N306+Pr
malan,N004+Pr
malar,A303
malês,A228
malga,N101
malha,N101
malho,N001
malta,N101
malte,N001
maluf,N304+Pr
malva,A301
mamãe,N101D002
mamão,A220
mamar,V005
mambo,N001
manar,V005
manco,A201
manda,N401
mandi,N001
mando,N001
manes,N005
manet,N304+Pr
manga,N101D036
manha,N101
manhã,N101D002
mania,N101
manir,V007
manso,A201D081S16
manta,N101D029
manto,N001
mantô,N001
maomé,N004+Pr
maori,A301
maqui,N301
marar,V005
marca,N101D039
março,N001
marco,N001D037
maria,N104+Pr
marie,N104+Pr
marin,N306+Pr
mario,N004+Pr
mário,N004+Pr
marli,N104+Pr
marly,N104+Pr
marna,N101
marno,N001
marra,N101
marta,N101D029
marte,N001
maruá,A301
maser,N103
massa,N101D029
matão,A220
matar,V030
match,N004
matiz,N003
mauer,N304+Pr
mauri,N004+Pr
mauro,N306+Pr
maury,N004+Pr
mayer,N304+Pr
meada,A101
meado,A001
meato,N001
mecha,N101
médio,A201
medir,V080
méier,N304+Pr
meigo,A201
meira,N304+Pr
melão,N002
melar,V005
melga,N101
mello,N304+Pr
meloa,A101
melro,N201
menar,V005
menem,N304+Pr
menir,N003
menor,A303
menos,ADV
menta,N101
mente,N101
mento,N001
merca,N101
mercê,N101
merda,N301
merge,N001
mesmo,A201S03
messe,N101
metal,N007
meter,V006
metro,N001
metrô,N001
mexer,V006
meyer,N304+Pr
miado,N201
miami,N104+Pr
micar,V011
micro,N001D026
midas,N006+Pr
mídia,N101
migar,V009
mijar,V005
milan,N004+Pr
milão,N104+Pr
milho,A201
mille,N004+Pr
mimar,V005
minar,V005
minaz,A303
mínio,N001
miolo,N001D026
mioma,N001
míope,A301
mirar,V005
mirim,A307
mirio,N004+Pr
mirra,N101
mirto,N001
missa,N301
misto,A201
mitra,N101
miúdo,A201D113S76
mixar,V005
moafa,N101
móbil,A314
moção,N102
moçar,V010
mocho,A201
modal,A308
modem,N004
moeda,N101D029
moela,N101
moema,N304+Pr
mofar,V005
mogno,N001
moído,A201
moiré,N004
moiro,A201
moita,N101
mojar,V005
molar,A303
molde,N001
molhe,N001
molho,N001D026
monco,N001
monet,N304+Pr
monge,N213
monir,V007
monta,N101
monte,N001D026
monza,N004+Pr
mooca,N104+Pr
moral,A308S02
morar,V005
morim,N008
mormo,N001
morno,A201
morro,N001D026
morsa,N101
morse,N004+Pr
morte,N101
morto,A201D081
mosca,A101A01
moser,N004+Pr
mossa,N101
mosto,N001
motel,N011
motim,N008
motor,A218D074
motta,N304+Pr
mouco,A201
mouro,A201
mouse,N001D026
móvel,A308
mover,V006
moxar,V005
mozer,N004+Pr
mucro,N001
muçum,N008
mudar,V005
mudez,N103
mugir,V063
muito,A201S03
multa,N101
múmia,N101
mundo,N001D026
munir,V007
muniz,N304+Pr
múnus,N006
muque,N001
mural,A308
murar,V005
murça,N101
murra,N101D029
murro,N001
murta,N101
museu,N001
musgo,A001
mutum,N008
mútuo,A201
myers,N306+Pr
nabor,N004+Pr
nação,N102
nácar,N003
nadar,V005
nadia,N104+Pr
nádia,N104+Pr
nadir,N004
nafta,N101
nagib,N304+Pr
naipe,N001
nambu,N001
nanar,V005
nanás,N013
nancy,N104+Pr
nando,N004+Pr
nanja,ADV
nariz,N003D025A37
nasal,A308
natal,A308
nauta,N001
naval,A308
navio,N001D001A07
nédio,A201
nefro,N001
negar,V009
negro,A201D106S56A70
neide,N104+Pr
neill,N304+Pr
neiva,N104+Pr
nélio,N004+Pr
nelma,N104+Pr
neném,N008
nênia,N101
nepal,N004+Pr
nervo,N001
nesga,N101
nesse,PREPXDET02+Dem
neste,PREPXDET02+Dem
neuma,N104+Pr
neura,N101
neuri,N004+Pr
neuro,A001
neuza,N104+Pr
nevar,V005
névoa,N101
níbio,N004+Pr
nicar,V011
nicho,N001
nigel,N004+Pr
nigro,N306+Pr
nilce,N104+Pr
nilda,N104+Pr
nilza,N104+Pr
nimbo,N001
nímio,A001
ninar,V005
ninfa,N101
ninho,N001
ninja,N301
nisei,A301
nísia,N104+Pr
nisso,PREPXPRO+Dem
nisto,PREPXPRO+Dem
nitro,N001
nível,N007
níveo,A201
nixon,N304+Pr
nobel,N004+Pr
nobre,A301S58
noção,N102
nodal,A308
nodar,V005
nódoa,N101
noemi,N104+Pr
noite,N101D029A27
noivo,A201D081
norma,N101D029
norte,A304
nosso,N001
notar,V005
novar,V005
novel,A309
núbia,N104+Pr
núbil,A311
núbio,A001
nudez,N103
nunca,ADV
nunes,N306+Pr
nurse,N101
nutar,V005
nuvem,N108D013
nylon,N004
oásis,N006
obeba,N001
óbelo,N001
obeso,A201
óbice,N001
óbito,N001
óbolo,N001
obrar,V005
obter,V034
óbvio,A201
obvir,V085
ocara,N101
ocaso,N001
ocelo,N001
ócrea,N101
óculo,N001
odail,N004+Pr
odair,N004+Pr
odete,N104+Pr
odiar,V016
odoro,A201
oeste,A304
ofego,N001
ófrio,N001
ogiva,N101
oirar,V005
oitão,N002
ólace,N001
olavo,N004+Pr
olear,V008
olhal,N007
olhar,N003D003
oliva,N101
ombro,N001
ômega,N001
omega,N304+Pr
ondar,V005
onixe,N001
ontem,ADV
opaco,A201S03
opala,N301
opção,N102
ópera,N101
opiar,V005
optar,V005
oracy,N004+Pr
orago,N001
orçar,V010
ordem,N108
orear,V008
órfão,A203
orfeu,N004+Pr
órgão,N001
orgia,N101
orixá,N001
orlar,V005
ornar,V005
osaka,N004+Pr
oscar,N004+Pr
osman,N004+Pr
osmar,N004+Pr
ósmio,N001
ósseo,A201
ostra,N101
ostro,N001
otelo,N004+Pr
otero,N004+Pr
ótica,N101
ótico,A201
ótimo,A201
otite,N101
otoni,N306+Pr
ougar,V009
ourar,V005
ousar,V005
ousio,N001
outão,N002
outar,V005
outro,A201
ouvir,V088
óvalo,N001
óvano,N001
oveva,N101
ovino,A201
owens,N306+Pr
oxalá,N004+Pr
óxido,N001
ozaki,N306+Pr
ozias,N006+Pr
pablo,N004+Pr
pacau,N001
pacto,N001
padre,N001
pádua,N304+Pr
paetê,N001
pagão,A203
pagar,V028
pager,N004+Pr
paina,N101
paiol,N012
pairo,N001
paiva,N304+Pr
pajem,N307
palco,N001D037
palha,N101D029
pálio,N001
palma,N101
palmo,N001
palor,N003
palpo,N001
pampa,A301
panar,V005
panca,N101
pança,N301
panda,N101D029
pando,A201
pango,N001
paola,N104+Pr
paolo,N004+Pr
papai,A001
papão,N002
papar,V005
papel,N011D147A19
papua,A301
parar,V021
parco,A201D096S55
pardo,A201D081
párea,N101
pareô,N001
páreo,N001
pária,N301
parir,V089
paris,N106+Pr
parma,N104+Pr
parra,N101
parse,A301
parta,A301
parte,N101
parto,A201
parvo,A201
pasmo,A201
passa,N101
passe,N001D026
passo,N001D026
pasta,N101D029
pasto,N001D026
patim,N008
pátio,N001
patoá,N001
patuá,N001
paula,N104+Pr
paulo,N004+Pr
pausa,N101
pauta,N101
pavão,N002D006
pavês,N016
pavio,N001
pavor,N003
payne,N306+Pr
payot,N104+Pr
peado,A201
pecar,V011
pecha,N101D029
pedal,N007
pedir,V080
pedra,N101D088
pedro,N004+Pr
pegar,V028
peito,N001D026
peixe,N001D026
pejar,V005
pelar,V020
pelve,N101
penal,A308
penar,N004
penca,N101
penha,N101
pênis,N006
penso,A201
penta,N001
pente,N001
pequi,N001
perda,N101
peres,N306+Pr
perez,N304+Pr
pérez,N304+Pr
perna,N101D029
perno,N001
perón,N306+Pr
perro,A201
perry,N004+Pr
persa,A301
perto,A301S03
perua,N101D029
pesar,N004
pesca,N101
peste,N301
petar,V005
peter,N004+Pr
petiz,A303
peúga,N101
piaba,N101
piada,N101D029
piado,N001
piaga,N001
piano,ADV
piara,N101
piauí,N004+Pr
piava,N101D029
picão,N002
picar,V011
picas,PRO07+Ind
piche,N001
picuá,N001
pidão,A220
piezo,N001
pifão,N002
pifar,V005
pífio,A201
pilão,N002
pilar,N003
píleo,N001
pilha,N101
pinar,V005
pinça,N101
píneo,A201
pinéu,N001
pinga,N101
pingo,N001
pinha,N101
pinho,N001
pinta,A101D029
pinto,A001D081
pinup,N101
piola,N101
piora,N101
pipia,N301
pipio,N001
pique,N001
piraí,N104+Pr
pirão,N002
pirar,V005
pires,A006
pirex,N004
piruá,N001
pisar,V005
pisco,A201
pista,N101D029
pitar,V005
pitéu,N001
pítia,N101
píton,N001
pitta,N306+Pr
piúva,A301
pixel,N001
pizza,N101
placa,N101
plaga,N101
plano,A201
platô,N001
plaza,N004+Pr
plebe,N101
pleno,A201S03
plexo,N001
pluma,N101
plush,N004
pobre,A301A42
poção,N302
podal,A308
podão,N002
podar,V005
poder,N003
pódio,N001
podre,A301
poejo,N001
poema,N001
poeta,A206A18
poiar,V018
poilu,N004
pojar,V005
polar,A303
polca,N101
pólen,N001
polia,N101
pólio,N402
polir,V070
polpa,N101
polvo,N001
pomar,N003
pombo,A201D081
pompa,N101
poncã,N001
pônei,N001
ponta,N101D029
ponte,N101D080
ponto,N001D026
popov,N004+Pr
porão,N002
porco,A201D096S36A41
porém,CONJ
pornô,A301
porra,N101
porre,N001
porro,N001
porró,N001
porta,N101D089
porte,N001
porto,N001D026
posar,V005
posse,N101
possi,N304+Pr
posta,N101
poste,N001
posto,A201
potin,N001
potro,N001D026
pouco,A001D133
pound,N304+Pr
pousa,N101
pouso,N001
praça,N301D042
prado,N001
praga,N101
praia,N101D002
prata,N101D029
prato,N001D083A62
praxe,N101
prazo,N001
prear,V008
prece,N101
preço,N001
prega,N101
prego,N001
prele,PREPXPRO04+Pes
prelo,N001
preso,A201
preto,A201D081S03A61
primo,A201
prior,N218
proar,V013
probo,A201
prole,N101
propp,N304+Pr
prosa,A301
prost,N304+Pr
proto,PFX
prova,N101A01
pruir,V081
prumo,N001
psoas,N006
ptose,N101
pubar,V005
púbis,N006
pudim,N008
pudor,N003
púgil,A314S73
pugna,N101
pujar,V005
pular,V005
pulga,N101
pulha,A301
pulso,N001
punga,A301
punho,N001
punir,V007
purus,N004+Pr
puxão,N002
puxar,V005
quark,N004
quaró,N001
quart,N004
quase,ADV
quati,N001
queda,N101D029
quedo,A201
quepe,N001
quibe,N001
quiçá,ADV
quicé,N101
quilo,N001D026
quimo,N001
quina,N101
quite,A301
quota,N101
rabin,N004+Pr
ração,N302
racha,N301
racle,N101
radar,N003
rádio,N301D054
rafar,V005
ráfia,N101
raiar,V005
raiom,N008
raiva,N101
rajar,V005
ralar,V005
ralho,N001
ralph,N004+Pr
ramal,N007
raman,N304+Pr
ramão,N004+Pr
ramon,N004+Pr
ramón,N004+Pr
rampa,N101
ranço,A201
rango,N001
rapar,V005
rapaz,A003D143A17
rapel,N011
rapto,A201
raque,N101
rasar,V005
rasca,A101
rasgo,N001
raspa,N101
rasto,N001
ratar,V005
ravel,N004+Pr
razão,N302
reato,N001
rebar,V005
rebôo,N001
recém,ADV
rechã,N101
récua,N101
recuo,N001
redar,V017
rédea,N101
redil,N010
redor,N003
redox,A306
refém,N307
refil,N010
regar,V009
regel,N306+Pr
reger,V036
régio,A201
régis,N004+Pr
regis,N006+Pr
regra,N101D029
régua,N101
reich,N004
reide,N001
reino,N001
relar,V005
reler,V039
reles,A306
relha,A101
relho,A001
relva,N101
remar,V005
remir,V068
renal,A308
renan,N304+Pr
renda,N101
rênio,N004
rente,A301
repor,V101
repto,N001
resma,N101
respe,N001
resto,N001D026
retal,A308
retém,A307
reter,V034
retos,N005
retro,A001
revel,A309
rever,V040
revés,N016
revir,V085
revôo,N001
rezar,V005
rezek,N306+Pr
riçar,V010
ricto,N001
rifão,N025
rifar,V005
rifle,N001
rigor,N003
rimar,V005
rinha,N101
ripar,V005
risco,N201
riste,N001
ritmo,N001
rival,A308S02
rixar,V005
rizar,V005
roçar,V010
rocar,V011
rocco,N304+Pr
rocha,N101D029
rocim,N008
rocio,N001
rodar,V005
ródio,A201
rogar,V009
roger,N004+Pr
roído,A201
rojão,N002
rojar,V005
rolar,V005
rolha,A101
romão,N004+Pr
rombo,A201
romeo,N004+Pr
romeu,N004+Pr
ronca,N101
ronco,N001
ronda,N101
rondó,N001
roney,N004+Pr
ronha,N101
roque,N001D026
rorar,V005
rosar,V005
rosca,N301D039
róseo,A201
rosim,N306+Pr
rossi,N304+Pr
rosto,N001D026
rotar,V005
rotor,N003
roubo,N001
rouco,A201
round,N004
roupa,N101D029A01
royal,N306+Pr
rubem,N004+Pr
ruben,N004+Pr
rubén,N004+Pr
rubin,N306+Pr
rublo,N001
rubor,N003
rubro,A201
ruçar,V010
ruche,N101
rudez,N103
rudge,N004+Pr
rufar,V005
rugar,V009
rúgbi,N004
rugir,N004
ruído,N001
ruína,N101
ruivo,A201D081
rumar,V005
rumba,N101
rúmen,N037
rumor,N003
rupia,N101
rúpia,N101
rural,A308
rusga,N101
russo,A201D081
saara,N004+Pr
sabão,N002D006
saber,N004
sabiá,N001
sabin,N004+Pr
sábio,A201S37A57
sabor,N003
sabra,N301
sabre,N001
sacal,A308
sacão,N002
sacar,V011
sacha,N101
saché,N001
sacho,N001
sacro,A201
sadio,A201
safar,V005
safra,N101
sagan,N306+Pr
sagaz,A303S30
sagiv,N306+Pr
sagui,N001
sagüi,N001
saída,N101
saído,A201D112
saíta,A301
saivá,N001
salaz,A303S30
saldo,N001
sales,N306+Pr
salgo,A201
salim,N304+Pr
salmo,N001
salsa,N101D029A01
salso,A201
salto,N001D026
salvo,A201
samba,N001
samir,N004+Pr
sanar,V005
sândi,N001
sanga,N101
sanha,N101
sânie,N101
santo,A201D081A55
sanyo,N304+Pr
sapar,V005
sapir,N304+Pr
saque,N001
saquê,N001
sarah,N104+Pr
sarar,V005
sarau,N001
sarça,N101
sardo,A201
sargo,N001
sarja,N101
sarna,N301
sarro,N001
saruê,A301
saúde,N101
sauiá,N001
sauim,N008
saulo,N004+Pr
sauna,N101
sauro,N001
saúva,N101
sávio,N004+Pr
saxão,A002
sayad,N306+Pr
sazão,N102
schwa,N104
scott,N304+Pr
seara,N101
sears,N106+Pr
seção,N102
secar,V011
sedal,A308
sedan,N001
sedar,V005
sedém,N008
sedex,N006
segar,V009
seita,N101
seiva,N101
seixa,N101
seixo,N001
selar,V005
selim,N008
selma,N104+Pr
selva,N101
sêmen,N031
senão,ADV
senda,N101
senha,N101
senil,A310S40
senna,N304+Pr
senso,N001
sépia,A306
septo,N001
serão,N002
série,N101
sério,A201S67
serpa,N306+Pr
serpe,N101
serra,N101
serro,N001
sertã,N101
servo,A201
sesta,N101
setor,N003
sevar,V005
sexto,DET05+Num
sezão,N102
sharp,N304+Pr
sheik,N004
shell,N104+Pr
short,N001
shunt,N004
sidra,N101
sifão,N002
sigla,N101
sigma,N001
signa,N101
signo,N001
silas,N006+Pr
sílex,N018
silfo,N001
silha,N101
silva,N101
silvo,N001D026
simão,N306+Pr
símio,A201
simon,N306+Pr
sinai,N004+Pr
sinal,N007D005
sinhô,N205D108
sirga,N101
síria,N104+Pr
sírio,A201
siriú,N101
sisal,N007
sisar,V005
sismo,N001
sítio,N001
skate,N001
slack,N004
slang,N004
slide,N001
smith,N304+Pr
sobra,N101
sobre,N001
socar,V011
sócio,A201
socoí,N001
sodar,V005
sódio,N001
sodré,N304+Pr
sofia,N104+Pr
sofía,N104+Pr
sofrê,N001
sogar,V009
sogro,N201D081
soído,N001
solão,N002
solar,A303
solda,N101
soldo,N001
soles,N006
solfa,A301
sólon,N004+Pr
solto,A201
somar,V005
sonar,N003
sonda,N101
sonho,N001
sonia,N104+Pr
sônia,N104+Pr
sonso,A201D081
sopor,N003
sopro,N001D001
sorar,V005
sorgo,N001
sorna,A301
sóror,N103
sorte,N101D002
sorva,N101
sorvo,N001
sósia,N301
sótão,N001
sousa,N304+Pr
souto,N304+Pr
souza,N304+Pr
sovar,V005
spray,N004
staff,N004
stand,N001
stela,N104+Pr
stern,N304+Pr
still,N001
stolf,N306+Pr
suave,A301
súber,N003
subir,V071
súcia,A101
sudão,N004+Pr
sueco,A201
sueli,N104+Pr
suely,N104+Pr
suevo,A201
suflê,N001
sugar,V009
suíça,N101
suíço,A201
suíno,A201
suíte,N301
sujar,V005
sulco,N001
sulfa,N101
sumir,V071
sunga,N101
super,PFX
supor,V101
supra,PFX
surdo,A201
surfe,N001
surra,N101
surro,N001
surto,A201
susan,N104+Pr
sushi,N001
susto,N001
sutar,V005
sutiã,N001
sutil,A310S02
suxar,V027
swing,N004
taacã,N001
tabak,N306+Pr
tabaz,N003
tabla,A301
taboa,N101
tabua,N101
tábua,N101D055
tacão,A002
tacha,N101D029
tacho,N001
tacto,N001
tadeu,N004+Pr
taful,A007
tainá,N104+Pr
taipa,N101
taiti,N004+Pr
talão,N002D006
talar,A303
talco,N001D037
tales,N006+Pr
talha,N101D029
talhe,N001
talho,N001
tália,N101
tálio,N001
tamis,A003
tampo,N201D081
tande,N004+Pr
tanga,N101
tango,N001
tânia,N104+Pr
tanoa,N101
tantã,A301
tanto,ADV
taoca,N101
tapar,V005
tapir,N003
tarar,V005
tarde,ADV
tardo,A201
tarja,N101
tarro,N001
tarso,N001
tasca,N101D039
tasso,N004+Pr
tátil,A311
tatuí,N104+Pr
tavão,N001
taxar,V005
táxon,N001
tchau,INTERJ
tecar,V011
tecer,V035
tecla,N101
tédio,N001
teerã,N104+Pr
tegão,N002
teima,N101
teína,N101
teipe,N001
telão,N002
telex,N001
telha,N101A01
temer,V006
temor,N003
tempo,N001D026A01
tênar,N003
tenaz,A303S30
tenda,N101D029
tênia,N101
tênis,N006
tenor,A306
tenro,A201
tense,N101
tenso,A201
tenta,N101
tento,N001
tênue,A301
teose,N101
tepor,N218
terça,A101
terçã,A101
terça,N101
terço,DET05+Num
terém,N008
terma,N101
termo,N001
terno,A201
terra,N101D029A01
tesão,N002
tesar,V005
tesla,N001
testa,N101
teste,N001
testo,A201
tetéu,N001
tetra,N004
tetro,A201S19
texas,N004+Pr
texto,N001
thais,N104+Pr
thaís,N104+Pr
thomé,N004+Pr
tiago,N004+Pr
tiara,N101
tibet,N004+Pr
tíbio,A201
tibum,N008
tição,N002D001
ticar,V011
tichy,N306+Pr
ticum,N008
tieta,N104+Pr
tietê,N004+Pr
tiete,N301
tigre,N001
tilar,V005
tília,N101
timão,N002
timbó,N001
timbu,N001
timer,N003
timol,N012
tinta,N101
tinto,A201
tiotê,N001
tique,N001
tirar,V005
tisna,N101
tisne,N001
titio,N201
tiziu,N001
tocar,N004
tocha,N101
tojal,N007
tókio,N104+Pr
tolaz,A303S30
toldo,N001
tomar,V005
tomás,N004+Pr
tomba,N101
tombo,N001
tommy,N004+Pr
tonal,A308
tonar,V005
tonel,N011
tonet,N306+Pr
tonto,A201
tônus,N006
topar,V005
toque,N001D001
torar,V005
tórax,N022
torça,N101
torço,N001
tordo,N001
torga,N306+Pr
torgo,N001
tória,N101
tório,N001
torna,N101
torno,N001
torpe,A301
torre,N101D029
torso,A201
torto,A201
torvo,A201
tosão,N002
tosar,V005
tosco,A201
tosse,N101
tosta,N101
toste,A001
total,A308
totem,N008
touca,N101
touça,N101
touro,N001D026
traça,N101
traço,N001
trado,N001
trago,N001
trair,V082
traje,N001
trajo,N001
trama,N101
trans,PFX
trapa,N101
trapo,A001D026
trato,N001
trava,N101
trave,N101
travo,N001
treco,N001
tredo,A201
trela,N101
trema,N001
trena,N101
trenó,N001
treta,N101
treva,N101
trevo,N001
treze,DET06+Num
tribo,N101
tricô,N001
triga,A101
trigo,A001
trilo,N001
trino,A201
tripa,N101
tripé,N001
troar,V013
troça,N101
troço,N001
troco,N201
troia,N104+Pr
trole,N001
trono,N001
tropa,N101
tropo,N001
trote,N001
trova,N101
truão,N002
truco,N001
trufa,N101
trupe,N101
truta,N101
tsuji,N306+Pr
tsuto,N004+Pr
tucho,N001
tucum,N008
tudor,N304+Pr
tufão,N002
tufar,V005
tulha,N101
túlio,N001
tumba,N301
tumor,N003
tunar,V005
tundá,N001
tunda,N101
túnel,N007
tunis,N306+Pr
tupia,N101
turba,N101
turco,A201
turfa,N101
turfe,N001
turim,N004+Pr
turma,N101D029
turnê,N101
turno,N001
turra,A301
turvo,A201
tutor,N218
tutti,N004
tweed,N004
twist,N004
tyson,N004+Pr
uaçaí,N001
uaimá,N001
uaina,N101
uaipi,N001
uambé,N001
uanda,N101
úbere,A301S22
úbero,A201
uchoa,N304+Pr
ufano,A201
uiara,N101
uivar,V005
ulnal,A308
ultor,A218
ultra,N301
umbro,N001
úmero,N001
úmido,A201
unção,N102
ungir,V063
úngue,N001
úngüe,N001
ungüi,N001
unhar,V005
união,N102
único,A201
unido,A201
untar,V005
urais,N005+Pr
urano,N001
urato,N001
urdir,V007
ureia,N101
uréia,N101
urgir,V063
urias,N004+Pr
úrico,A201
urina,N101
urrar,V005
urubu,A301
urucu,N001
urupá,N004+Pr
urupê,N001
urutu,N301
urzal,N007
usado,A201S03
usina,N101
ustão,N102
usual,A308
usura,N101
útero,N001
uvaia,N101
úvula,N101
vaali,N001
vacal,A308
vacão,N002
vacar,V011
váceo,A201
vaceu,A001
vacum,A307
vácuo,A201
vadeu,A001
vadio,A201
vafro,A201
vagal,A308
vagão,N002
vagar,N004
vagem,N108
vagir,N004
vaiar,V005
valar,A303
valdo,N004+Pr
valer,V046
valia,N101
valim,N306+Pr
valle,N304+Pr
valor,N003
valsa,N101D029
valva,N101
vampe,N101
vanda,N104+Pr
vânia,N104+Pr
vapor,N003
varal,N007
varão,A222
varar,V005
varig,N104+Pr
vário,A201
variz,N103
varja,N101
vasco,N004+Pr
vasto,A201S03
vazão,N102
vazar,V005
vazio,A201
veado,N201D081
vedar,V005
vedor,A218
vegas,N104+Pr
veiar,V005
veiga,N304+Pr
velar,A303
vélez,N306+Pr
velho,A201D081
veloz,A303S30
venal,A308
venda,N101D029
vênia,N101
venta,N101
vento,N001D026
vênus,N106+Pr
verão,N023D132
veras,A105
veraz,A303S30
verba,N101
verbo,N001
verde,A301S03
verga,N101
verme,A301
verne,N306+Pr
verno,A201
verso,A201
verve,N101
vesgo,A201
vespa,N101D029
veste,N101
vetar,V005
vetor,N003
vexar,V005
vezar,V005
vezes,ADV
viana,N304+Pr
viçar,V010
vício,N001
vidal,N306+Pr
vidar,V005
vídeo,N001
vidro,N001D026
viena,N104+Pr
vigar,V009
viger,V036
vigia,N301
vigor,N003
vilão,A243A45
vilar,N306+Pr
vilma,N104+Pr
vinci,N306+Pr
vinco,N001
vinda,A301
vinha,N101
vinho,A306
vinil,N010
vinte,DET06+Num
viola,N101D029
viral,A308
virar,V005
virgo,N001
viril,A310
virna,N104+Pr
vírus,N006
visão,N102
visar,V005
visco,N001
visgo,N001
visio,N306+Pr
visom,N008
visor,N003
vista,A101
visto,PREP
vital,A308
vitor,N004+Pr
vítor,N004+Pr
viúvo,A201D053
vivar,V005
vivaz,A303S30
viver,N004
vocal,A308
vodca,N101
vodka,N101
voejo,N001
vogal,A308
vogar,V009
vôlei,N001
volpe,N306+Pr
volpi,N306+Pr
volta,N101D029
volvo,N306+Pr
vômer,N003
voraz,A303S30
vosso,N001
votar,V005
vozão,N002
vulgo,ADV
vulto,N001
vulva,N101
waldo,N004+Pr
wayne,N306+Pr
weber,N003
weiss,N306+Pr
wheel,N004+Pr
white,N306+Pr
woolf,N306+Pr
world,N001
xacra,N001
xador,N218
xaile,N001
xambá,N001
xampu,N001
xangó,N001
xangô,N001
xaorô,N001
xarda,N101
xarel,N007
xaria,A301
xauim,N008
xaxim,N008
xelim,N008
xelma,N101
xênia,N101
xênio,N001
xênon,N001
xeque,N001
xerém,N008
xerez,N003
xerga,N101
xérox,N001
xerva,N101
xeura,N101
xexéu,N001
xibio,N001
xibiu,N001
xiita,A301
xilol,N007
ximão,N002
xingo,N001
xingu,N004+Pr
xintó,N001
xisto,N001
xuatê,N001
xucro,A201
young,N306+Pr
yunes,N306+Pr
zabro,N001
zacum,N008
zagal,N007
zagão,N002
zagor,N218
zãibo,A201
zaida,N101
zaidi,N001
zaimo,N001
zaine,N001
zaino,A201
zaira,N101
zaire,N004+Pr
zamak,N001
zambi,N001
zambo,A001
zâmia,N101
zanal,N001
zande,A301
zanga,N101
zanin,N306+Pr
zanni,N004
zarco,A201
zavan,N306+Pr
zavar,V005
zebra,N101D029
zefir,N003
zelar,V005
zélia,N104+Pr
zenda,A301
zetti,N004+Pr
zilda,N104+Pr
zílio,N004+Pr
zinco,N001
zinho,N004+Pr
zínia,N101
zinir,V007
zíper,N003
zoina,A301
zonal,A308
zonzo,A201
zorro,A201
zumbi,N001
zunir,V007
zupar,V005
zurro,N001
